Altium Designer Pick and Place Locations
C:\Users\vojislav\OneDrive\IRNAS-Common\Electronics-Development\gliax_ecg\gliax_ecg_simple\Project Outputs for gliax_ecg_simple\Pick Place\Pick Place for gliax_ecg_simple.csv

========================================================================================================================
File Design Information:

Date:       30/05/18
Time:       11:30
Revision:   Not in VersionControl
Variant:    No variations
Units used: mm

"Designator","Comment","Layer","Footprint","Center-X(mm)","Center-Y(mm)","Rotation","Description"
"C1","100nF","TopLayer","CAP0603","54.1782","48.4632","360","MURATA - GRM188R71C104KA01J - CAP, MLCC, X7R, 0.1UF, 16V, 0603"
"C2","4u7/16V","TopLayer","CAP0603","27.8384","24.1420","90","MURATA - GRM188R61C475KAAJD - CAP, MLCC, X5R, 4.7UF, 16V, 0603"
"C3","10nF","TopLayer","CAP0603","56.4134","14.9980","90","KEMET - C0603X103K5RECAUTO - CAP, MLCC, AEC-Q200, X7R, 0.01UF, 50V"
"C4","100nF","TopLayer","CAP0603","53.3654","34.8996","270","MURATA - GRM188R71C104KA01J - CAP, MLCC, X7R, 0.1UF, 16V, 0603"
"C5","10uF /16V","TopLayer","CAP0805","51.4096","35.1028","270","TDK - CGA4J1X5R1C106K125AC - CAP, MLCC, X5R, 10UF, 16V, 0805"
"C6","22u","TopLayer","CAP0805","47.3964","35.1130","270","MULTICOMP - MC0805X226M6R3CT - CAP, MLCC, X5R, 22UF, 0805"
"C7","1uF","TopLayer","CAP0603","45.4152","34.7726","90","MURATA - GRM188R61H105KAALD - CAP, MLCC, X5R, 1UF, 50V, 0603"
"C8","100nF","TopLayer","CAP0603","51.4350","14.9980","90","MURATA - GRM188R71C104KA01J - CAP, MLCC, X7R, 0.1UF, 16V, 0603"
"C9","1uF","TopLayer","CAP0603","49.7840","14.9980","270","MURATA - GRM188R61H105KAALD - CAP, MLCC, X5R, 1UF, 50V, 0603"
"C10","1uF","TopLayer","CAP0603","49.4284","34.8114","90","MURATA - GRM188R61H105KAALD - CAP, MLCC, X5R, 1UF, 50V, 0603"
"C11","100pF","TopLayer","CAP0603","60.4266","19.6342","270","MULTICOMP   MCSH18B101K500CT   SMD Multilayer Ceramic Capacitor, MCSH Series, 100 pF,  10%, X7R, 50 V, 0603 [1608 Metric]"
"C12","47pF","TopLayer","CAP0603","67.2204","18.8214","270","CAP CER 47PF 50V NP0 0603"
"C13","47pF","TopLayer","CAP0603","73.0624","18.8080","270","CAP CER 47PF 50V NP0 0603"
"C14","47pF","TopLayer","CAP0603","67.2084","44.6158","270","CAP CER 47PF 50V NP0 0603"
"C15","47pF","TopLayer","CAP0603","73.0504","44.6024","270","CAP CER 47PF 50V NP0 0603"
"C16","20pF","TopLayer","CAP0603","16.9418","42.7736","360","MURATA - GRM1885C1H200JA01D - CAPACITOR, MLCC, C0G, 20PF, 50V, 0603"
"C17","47pF","TopLayer","CAP0603","67.2084","48.9204","270","CAP CER 47PF 50V NP0 0603"
"C18","47pF","TopLayer","CAP0603","73.0504","48.8950","270","CAP CER 47PF 50V NP0 0603"
"C19","47pF","TopLayer","CAP0603","67.2338","36.0426","270","CAP CER 47PF 50V NP0 0603"
"C20","47pF","TopLayer","CAP0603","73.0758","36.0172","270","CAP CER 47PF 50V NP0 0603"
"C21","20pF","TopLayer","CAP0603","14.4272","41.3766","270","MURATA - GRM1885C1H200JA01D - CAPACITOR, MLCC, C0G, 20PF, 50V, 0603"
"C22","20pF","TopLayer","CAP0603","11.8364","37.1468","90","MURATA - GRM1885C1H200JA01D - CAPACITOR, MLCC, C0G, 20PF, 50V, 0603"
"C23","47pF","TopLayer","CAP0603","67.2084","40.3232","270","CAP CER 47PF 50V NP0 0603"
"C24","47pF","TopLayer","CAP0603","73.0504","40.3098","270","CAP CER 47PF 50V NP0 0603"
"C25","47pF","TopLayer","CAP0603","67.2338","27.4454","270","CAP CER 47PF 50V NP0 0603"
"C26","47pF","TopLayer","CAP0603","73.0758","27.4320","270","CAP CER 47PF 50V NP0 0603"
"C27","20pF","TopLayer","CAP0603","11.8364","33.8328","270","MURATA - GRM1885C1H200JA01D - CAPACITOR, MLCC, C0G, 20PF, 50V, 0603"
"C28","47pF","TopLayer","CAP0603","67.2338","31.7500","270","CAP CER 47PF 50V NP0 0603"
"C29","47pF","TopLayer","CAP0603","73.0758","31.7500","270","CAP CER 47PF 50V NP0 0603"
"C30","47pF","TopLayer","CAP0603","73.1012","5.7792","270","CAP CER 47PF 50V NP0 0603"
"C31","47pF","TopLayer","CAP0603","67.2338","23.1648","270","CAP CER 47PF 50V NP0 0603"
"C32","47pF","TopLayer","CAP0603","73.0758","23.1648","270","CAP CER 47PF 50V NP0 0603"
"C33","47pF","TopLayer","CAP0603","73.1012","10.1854","270","CAP CER 47PF 50V NP0 0603"
"C34","47pF","TopLayer","CAP0603","67.2338","14.4914","270","CAP CER 47PF 50V NP0 0603"
"C35","47pF","TopLayer","CAP0603","73.0758","14.4914","270","CAP CER 47PF 50V NP0 0603"
"C36","47pF","TopLayer","CAP0603","73.1012","1.3596","270","CAP CER 47PF 50V NP0 0603"
"C37","4u7/16V","TopLayer","CAP0603","9.5250","7.0104","90","MURATA - GRM188R61C475KAAJD - CAP, MLCC, X5R, 4.7UF, 16V, 0603"
"C38","10uF /16V","TopLayer","CAP0805","20.5232","6.8072","90","TDK - CGA4J1X5R1C106K125AC - CAP, MLCC, X5R, 10UF, 16V, 0805"
"C39","6.8pF","TopLayer","CAP0603","16.5608","4.6990","90","Multilayer Ceramic Capacitors MLCC - SMD/SMT 0603 6.8pF 50volts C0G +/-0.5pF"
"C40","33pF","TopLayer","CAP0603","12.6746","3.2004","90","MURATA - GRM1885C1H330JA01D - CAP, MLCC, C0G/NP0, 33PF, 50V, 0603"
"C41","4u7/16V","TopLayer","CAP0603","9.3980","16.4338","90","MURATA - GRM188R61C475KAAJD - CAP, MLCC, X5R, 4.7UF, 16V, 0603"
"C42","10uF /16V","TopLayer","CAP0805","20.5486","16.2560","90","TDK - CGA4J1X5R1C106K125AC - CAP, MLCC, X5R, 10UF, 16V, 0805"
"C43","8.2pF","TopLayer","CAP0603","16.5862","14.1598","90","CAPACITOR, 0603, 8.2PF, 50V"
"C44","4u7/16V","TopLayer","CAP0603","36.4998","6.9970","90","MURATA - GRM188R61C475KAAJD - CAP, MLCC, X5R, 4.7UF, 16V, 0603"
"C45","10uF /16V","TopLayer","CAP0805","47.4980","6.7818","90","TDK - CGA4J1X5R1C106K125AC - CAP, MLCC, X5R, 10UF, 16V, 0805"
"C46","8.2pF","TopLayer","CAP0603","43.5356","4.6990","90","CAPACITOR, 0603, 8.2PF, 50V"
"C47","1uF","TopLayer","CAP0603","21.3360","43.6626","270","MURATA - GRM188R61H105KAALD - CAP, MLCC, X5R, 1UF, 50V, 0603"
"C48","100nF","TopLayer","CAP0603","19.5834","43.6880","270","MURATA - GRM188R71C104KA01J - CAP, MLCC, X7R, 0.1UF, 16V, 0603"
"C49","1uF","TopLayer","CAP0603","20.6502","24.1300","90","MURATA - GRM188R61H105KAALD - CAP, MLCC, X5R, 1UF, 50V, 0603"
"C50","100nF","TopLayer","CAP0603","22.3520","24.1420","90","MURATA - GRM188R71C104KA01J - CAP, MLCC, X7R, 0.1UF, 16V, 0603"
"C51","1uF","TopLayer","CAP0603","33.8582","39.0144","180","MURATA - GRM188R61H105KAALD - CAP, MLCC, X5R, 1UF, 50V, 0603"
"C52","100nF","TopLayer","CAP0603","33.8716","40.8686","180","MURATA - GRM188R71C104KA01J - CAP, MLCC, X7R, 0.1UF, 16V, 0603"
"C53","1uF","TopLayer","CAP0603","15.4686","28.4480","90","MURATA - GRM188R61H105KAALD - CAP, MLCC, X5R, 1UF, 50V, 0603"
"C54","100nF","TopLayer","CAP0603","17.1704","28.4600","90","MURATA - GRM188R71C104KA01J - CAP, MLCC, X7R, 0.1UF, 16V, 0603"
"C55","1uF","TopLayer","CAP0603","29.7434","24.1300","90","MURATA - GRM188R61H105KAALD - CAP, MLCC, X5R, 1UF, 50V, 0603"
"C56","100nF","TopLayer","CAP0603","31.3690","24.1300","90","MURATA - GRM188R71C104KA01J - CAP, MLCC, X7R, 0.1UF, 16V, 0603"
"C57","1uF","TopLayer","CAP0603","56.6420","34.8996","270","MURATA - GRM188R61H105KAALD - CAP, MLCC, X5R, 1UF, 50V, 0603"
"C58","100nF","TopLayer","CAP0603","55.0164","34.8996","270","MURATA - GRM188R71C104KA01J - CAP, MLCC, X7R, 0.1UF, 16V, 0603"
"C59","1uF","TopLayer","CAP0603","53.1114","14.9860","90","MURATA - GRM188R61H105KAALD - CAP, MLCC, X5R, 1UF, 50V, 0603"
"C60","100nF","TopLayer","CAP0603","54.7624","14.9860","90","MURATA - GRM188R71C104KA01J - CAP, MLCC, X7R, 0.1UF, 16V, 0603"
"C61","1uF","TopLayer","CAP0603","53.1622","6.9850","90","MURATA - GRM188R61H105KAALD - CAP, MLCC, X5R, 1UF, 50V, 0603"
"C62","100nF","TopLayer","CAP0603","54.9148","6.9850","90","MURATA - GRM188R71C104KA01J - CAP, MLCC, X7R, 0.1UF, 16V, 0603"
"C63","100nF","TopLayer","CAP0603","27.7876","8.4582","270","MURATA - GRM188R71C104KA01J - CAP, MLCC, X7R, 0.1UF, 16V, 0603"
"C64","100nF","TopLayer","CAP0603","27.8130","12.0396","90","MURATA - GRM188R71C104KA01J - CAP, MLCC, X7R, 0.1UF, 16V, 0603"
"C65","1uF","TopLayer","CAP0603","44.6278","15.0114","90","MURATA - GRM188R61H105KAALD - CAP, MLCC, X5R, 1UF, 50V, 0603"
"C66","100nF","TopLayer","CAP0603","46.3042","15.0114","90","MURATA - GRM188R71C104KA01J - CAP, MLCC, X7R, 0.1UF, 16V, 0603"
"C67","100nF","TopLayer","CAP0603","47.9806","15.0114","90","MURATA - GRM188R71C104KA01J - CAP, MLCC, X7R, 0.1UF, 16V, 0603"
"CON1","CON DB15 FM TH","TopLayer","CONN_3-106506-2_","82.1944","24.8158","270","SOCKET, D, 40-40UNC, 15WAY"
"CON2","microUSB","TopLayer","microUSB-CHINA","-0.6832","25.8318","270",""
"D1","TPD1E10B06DPYR","TopLayer","D0402","75.1960","18.0086","0","TVS DIODE 5.5VWM 14VC 2X2SON"
"D2","TPD1E10B06DPYR","TopLayer","D0402","75.2014","43.8658","0","TVS DIODE 5.5VWM 14VC 2X2SON"
"D3","TPD1E10B06DPYR","TopLayer","D0402","75.1840","48.1076","360","TVS DIODE 5.5VWM 14VC 2X2SON"
"D4","TPD1E10B06DPYR","TopLayer","D0402","75.2268","35.2806","0","TVS DIODE 5.5VWM 14VC 2X2SON"
"D5","TPD1E10B06DPYR","TopLayer","D0402","75.1506","39.5224","360","TVS DIODE 5.5VWM 14VC 2X2SON"
"D6","TPD1E10B06DPYR","TopLayer","D0402","75.2014","26.6954","0","TVS DIODE 5.5VWM 14VC 2X2SON"
"D7","TPD1E10B06DPYR","TopLayer","D0402","75.2014","30.9626","0","TVS DIODE 5.5VWM 14VC 2X2SON"
"D8","TPD1E10B06DPYR","TopLayer","D0402","75.2268","5.0546","0","TVS DIODE 5.5VWM 14VC 2X2SON"
"D9","TPD1E10B06DPYR","TopLayer","D0402","75.2014","22.3774","0","TVS DIODE 5.5VWM 14VC 2X2SON"
"D10","TPD1E10B06DPYR","TopLayer","D0402","75.2268","9.4488","360","TVS DIODE 5.5VWM 14VC 2X2SON"
"D11","LED RED","TopLayer","LED0603","30.5498","50.0324","270","BROADCOM LIMITED - HSMS-C190 - LED, RED, 10MCD, 626NM"
"D12","LED RED","TopLayer","LED0603","25.8826","50.1016","270","BROADCOM LIMITED - HSMS-C190 - LED, RED, 10MCD, 626NM"
"D13","TPD1E10B06DPYR","TopLayer","D0402","75.2014","13.7160","360","TVS DIODE 5.5VWM 14VC 2X2SON"
"D14","TPD1E10B06DPYR","TopLayer","D0402","75.2602","0.6350","360","TVS DIODE 5.5VWM 14VC 2X2SON"
"FB1","BLM15PG100SN1D","TopLayer","IND0402","70.9542","19.5580","360","Ferrite Beads Multi-Layer 10Ohm 100MHz 1A 50mOhm DCR 0402 T/R"
"FB2","BLM15PG100SN1D","TopLayer","IND0402","70.9294","45.3898","360","Ferrite Beads Multi-Layer 10Ohm 100MHz 1A 50mOhm DCR 0402 T/R"
"FB3","BLM15PG100SN1D","TopLayer","IND0402","70.9168","49.6570","360","Ferrite Beads Multi-Layer 10Ohm 100MHz 1A 50mOhm DCR 0402 T/R"
"FB4","BLM15PG100SN1D","TopLayer","IND0402","70.9676","36.8046","360","Ferrite Beads Multi-Layer 10Ohm 100MHz 1A 50mOhm DCR 0402 T/R"
"FB5","BLM15PG100SN1D","TopLayer","IND0402","70.9168","41.0718","360","Ferrite Beads Multi-Layer 10Ohm 100MHz 1A 50mOhm DCR 0402 T/R"
"FB6","BLM15PG100SN1D","TopLayer","IND0402","70.9804","28.2194","360","Ferrite Beads Multi-Layer 10Ohm 100MHz 1A 50mOhm DCR 0402 T/R"
"FB7","BLM15PG100SN1D","TopLayer","IND0402","70.9422","32.5120","360","Ferrite Beads Multi-Layer 10Ohm 100MHz 1A 50mOhm DCR 0402 T/R"
"FB8","BLM15PG100SN1D","TopLayer","IND0402","71.0058","6.5786","360","Ferrite Beads Multi-Layer 10Ohm 100MHz 1A 50mOhm DCR 0402 T/R"
"FB9","BLM15PG100SN1D","TopLayer","IND0402","70.9422","23.9268","360","Ferrite Beads Multi-Layer 10Ohm 100MHz 1A 50mOhm DCR 0402 T/R"
"FB10","BLM15PG100SN1D","TopLayer","IND0402","71.0056","10.9728","360","Ferrite Beads Multi-Layer 10Ohm 100MHz 1A 50mOhm DCR 0402 T/R"
"FB11","BLM15PG100SN1D","TopLayer","IND0402","70.9422","15.2654","360","Ferrite Beads Multi-Layer 10Ohm 100MHz 1A 50mOhm DCR 0402 T/R"
"FB12","BLM15PG100SN1D","TopLayer","IND0402","71.0184","2.1590","360","Ferrite Beads Multi-Layer 10Ohm 100MHz 1A 50mOhm DCR 0402 T/R"
"L1","2.2uH","TopLayer","IND2.3X1.7","17.5768","7.7470","0",""
"L2","2.2uH","TopLayer","IND2.3X1.7","17.6276","17.1958","0",""
"L3","2.2uH","TopLayer","IND2.3X1.7","44.5516","7.7470","0",""
"P1","Header 2","TopLayer","HDR1X2","59.0550","41.0718","180","Header, 2-Pin"
"P2","Header 2","TopLayer","HDR1X2","53.1368","41.0718","180","Header, 2-Pin"
"P3","Header 4","TopLayer","HDR1X4","39.3700","50.6730","180","Header, 4-Pin"
"P4","Header 3","TopLayer","HDR1X3","4.5212","20.3454","270","Header, 3-Pin"
"P5","Header 4","TopLayer","HDR1X4","-1.9812","13.9954","90","Header, 4-Pin"
"P6","Header 3","TopLayer","HDR1X3","30.3022","10.2616","270","Header, 3-Pin"
"P7","Header 3","TopLayer","HDR1X3","11.9380","22.9616","360","Header, 3-Pin"
"R1","100k","TopLayer","RES0603","57.3652","48.4632","0","MULTICOMP - MCMR06X104 JTL - RES, CERAMIC, 100K, 5%, 0.1W, 0603"
"R2","10k","TopLayer","RES0603","51.3080","47.0916","90","MULTICOMP - MCMR06X103 JTL - RES, CERAMIC, 10K, 5%, 0.1W, 0603"
"R3","51R","TopLayer","RES0603","41.5678","21.2090","360","RES SMD 51 OHM 1% 1/10W 0603"
"R4","0R","TopLayer","RES0603","34.7980","34.7472","180","BOURNS - CR0603-J/-000ELF - RES, THICK FILM, 0R, 5%, 0.1W, 0603"
"R5","51R","TopLayer","RES0603","41.5664","31.8770","0","RES SMD 51 OHM 1% 1/10W 0603"
"R6","51R","TopLayer","RES0603","41.5798","19.4310","0","RES SMD 51 OHM 1% 1/10W 0603"
"R7","51R","TopLayer","RES0603","41.5678","22.9870","0","RES SMD 51 OHM 1% 1/10W 0603"
"R8","51R","TopLayer","RES0603","41.5798","17.6530","0","RES SMD 51 OHM 1% 1/10W 0603"
"R9","51R","TopLayer","RES0603","41.5798","26.5430","0","RES SMD 51 OHM 1% 1/10W 0603"
"R10","100k","TopLayer","RES0603","11.9380","28.4346","270","MULTICOMP - MCMR06X104 JTL - RES, CERAMIC, 100K, 5%, 0.1W, 0603"
"R11","100k","TopLayer","RES0603","10.1600","28.4346","90","MULTICOMP - MCMR06X104 JTL - RES, CERAMIC, 100K, 5%, 0.1W, 0603"
"R12","100k","TopLayer","RES0603","13.7160","28.4346","90","MULTICOMP - MCMR06X104 JTL - RES, CERAMIC, 100K, 5%, 0.1W, 0603"
"R13","51R","TopLayer","RES0603","41.5798","24.7650","360","RES SMD 51 OHM 1% 1/10W 0603"
"R14","51R","TopLayer","RES0603","41.5918","28.3210","360","RES SMD 51 OHM 1% 1/10W 0603"
"R15","10k","TopLayer","RES0603","41.5798","30.0990","180","MULTICOMP - MCMR06X103 JTL - RES, CERAMIC, 10K, 5%, 0.1W, 0603"
"R16","10k","TopLayer","RES0603","8.3820","28.4346","270","MULTICOMP - MCMR06X103 JTL - RES, CERAMIC, 10K, 5%, 0.1W, 0603"
"R17","100k","TopLayer","RES0603","41.5290","33.6550","180","MULTICOMP - MCMR06X104 JTL - RES, CERAMIC, 100K, 5%, 0.1W, 0603"
"R18","1k","TopLayer","RES0603","58.3184","34.7980","270","MULTICOMP - MCMR06X102 JTL - RES, CERAMIC, 1K, 5%, 0.1W, 0603"
"R19","392k","TopLayer","RES0603","58.7248","15.7226","360","Resistor; Thick Film; Res 392 Kilohms; Pwr-Rtg 0.1 W; Tol 1%; SMT; 0603; Tape & Reel"
"R20","1k","TopLayer","RES0603","60.4266","31.8008","270","MULTICOMP - MCMR06X102 JTL - RES, CERAMIC, 1K, 5%, 0.1W, 0603"
"R21","10k","TopLayer","RES0603","69.0238","18.8094","90","MULTICOMP - MCMR06X103 JTL - RES, CERAMIC, 10K, 5%, 0.1W, 0603"
"R22","470R","TopLayer","RES0603","75.4500","19.5580","360","MULTICOMP - MCMR06X471 JTL - RES, CERAMIC, 470R, 5%, 0.1W, 0603"
"R23","10k","TopLayer","RES0603","69.0118","44.6144","90","MULTICOMP - MCMR06X103 JTL - RES, CERAMIC, 10K, 5%, 0.1W, 0603"
"R24","470R","TopLayer","RES0603","75.4500","45.3644","360","MULTICOMP - MCMR06X471 JTL - RES, CERAMIC, 470R, 5%, 0.1W, 0603"
"R25","10k","TopLayer","RES0603","69.0118","48.9204","90","MULTICOMP - MCMR06X103 JTL - RES, CERAMIC, 10K, 5%, 0.1W, 0603"
"R26","470R","TopLayer","RES0603","75.4380","49.6570","360","MULTICOMP - MCMR06X471 JTL - RES, CERAMIC, 470R, 5%, 0.1W, 0603"
"R27","10k","TopLayer","RES0603","69.0626","36.0426","90","MULTICOMP - MCMR06X103 JTL - RES, CERAMIC, 10K, 5%, 0.1W, 0603"
"R28","470R","TopLayer","RES0603","75.4754","36.7792","360","MULTICOMP - MCMR06X471 JTL - RES, CERAMIC, 470R, 5%, 0.1W, 0603"
"R29","10k","TopLayer","RES0603","69.0118","40.3352","90","MULTICOMP - MCMR06X103 JTL - RES, CERAMIC, 10K, 5%, 0.1W, 0603"
"R30","470R","TopLayer","RES0603","75.4380","41.0718","360","MULTICOMP - MCMR06X471 JTL - RES, CERAMIC, 470R, 5%, 0.1W, 0603"
"R31","10k","TopLayer","RES0603","69.0626","27.4574","90","MULTICOMP - MCMR06X103 JTL - RES, CERAMIC, 10K, 5%, 0.1W, 0603"
"R32","470R","TopLayer","RES0603","75.4634","28.1940","360","MULTICOMP - MCMR06X471 JTL - RES, CERAMIC, 470R, 5%, 0.1W, 0603"
"R33","10k","TopLayer","RES0603","69.0372","31.7500","90","MULTICOMP - MCMR06X103 JTL - RES, CERAMIC, 10K, 5%, 0.1W, 0603"
"R34","470R","TopLayer","RES0603","75.4634","32.5120","360","MULTICOMP - MCMR06X471 JTL - RES, CERAMIC, 470R, 5%, 0.1W, 0603"
"R35","10k","TopLayer","RES0603","69.0880","5.8166","90","MULTICOMP - MCMR06X103 JTL - RES, CERAMIC, 10K, 5%, 0.1W, 0603"
"R36","470R","TopLayer","RES0603","75.4888","6.5532","360","MULTICOMP - MCMR06X471 JTL - RES, CERAMIC, 470R, 5%, 0.1W, 0603"
"R37","10k","TopLayer","RES0603","69.0372","23.1648","90","MULTICOMP - MCMR06X103 JTL - RES, CERAMIC, 10K, 5%, 0.1W, 0603"
"R38","470R","TopLayer","RES0603","75.4634","23.9268","360","MULTICOMP - MCMR06X471 JTL - RES, CERAMIC, 470R, 5%, 0.1W, 0603"
"R39","470R","TopLayer","RES0603","69.0880","10.2108","270","MULTICOMP - MCMR06X471 JTL - RES, CERAMIC, 470R, 5%, 0.1W, 0603"
"R40","470R","TopLayer","RES0603","75.4888","10.9474","360","MULTICOMP - MCMR06X471 JTL - RES, CERAMIC, 470R, 5%, 0.1W, 0603"
"R41","470R","TopLayer","RES0603","32.5120","50.1142","270","MULTICOMP - MCMR06X471 JTL - RES, CERAMIC, 470R, 5%, 0.1W, 0603"
"R42","470R","TopLayer","RES0603","27.7368","50.1396","270","MULTICOMP - MCMR06X471 JTL - RES, CERAMIC, 470R, 5%, 0.1W, 0603"
"R43","47k","TopLayer","RES0603","69.1134","1.3716","270","MULTICOMP - MCMR06X4702FTL - RES, CERAMIC, 47K, 1%, 0.1W, 0603"
"R44","0R","TopLayer","RES0603","77.9272","1.3970","270","BOURNS - CR0603-J/-000ELF - RES, THICK FILM, 0R, 5%, 0.1W, 0603"
"R45","10k","TopLayer","RES0603","69.0372","14.5034","90","MULTICOMP - MCMR06X103 JTL - RES, CERAMIC, 10K, 5%, 0.1W, 0603"
"R46","470R","TopLayer","RES0603","75.4634","15.2654","360","MULTICOMP - MCMR06X471 JTL - RES, CERAMIC, 470R, 5%, 0.1W, 0603"
"R47","470R","TopLayer","RES0603","75.4888","2.1336","360","MULTICOMP - MCMR06X471 JTL - RES, CERAMIC, 470R, 5%, 0.1W, 0603"
"R48","100k","TopLayer","RES0603","66.6122","0.6350","360","MULTICOMP - MCMR06X104 JTL - RES, CERAMIC, 100K, 5%, 0.1W, 0603"
"R49","562k","TopLayer","RES0603","18.3896","4.6990","90","RES SMD 562K OHM 1% 1/10W 0603"
"R50","100k","TopLayer","RES0603","8.8392","4.3942","180","MULTICOMP - MCMR06X104 JTL - RES, CERAMIC, 100K, 5%, 0.1W, 0603"
"R51","100k","TopLayer","RES0603","14.4526","3.1750","90","MULTICOMP - MCMR06X104 JTL - RES, CERAMIC, 100K, 5%, 0.1W, 0603"
"R52","0R","TopLayer","RES0603","9.5758","1.7272","90","BOURNS - CR0603-J/-000ELF - RES, THICK FILM, 0R, 5%, 0.1W, 0603"
"R53","100k","TopLayer","RES0603","7.6454","1.7018","90","MULTICOMP - MCMR06X104 JTL - RES, CERAMIC, 100K, 5%, 0.1W, 0603"
"R54","464k","TopLayer","RES0603","18.4150","14.1478","90","RES SMD 464K OHM 1% 1/10W 0603"
"R55","100k","TopLayer","RES0603","10.9848","13.4112","180","MULTICOMP - MCMR06X104 JTL - RES, CERAMIC, 100K, 5%, 0.1W, 0603"
"R56","178k","TopLayer","RES0603","14.1478","13.4112","360","PANASONIC ELECTRONIC COMPONENTS         ERJ3EKF1783V             SMD Chip Resistor, Thick Film, 178 kohm, 75 V, 0603 [1608 Metric], 100 mW,  1%, ERJ3E Series"
"R57","464k","TopLayer","RES0603","45.3644","4.6990","90","RES SMD 464K OHM 1% 1/10W 0603"
"R58","100k","TopLayer","RES0603","35.8140","4.3942","180","MULTICOMP - MCMR06X104 JTL - RES, CERAMIC, 100K, 5%, 0.1W, 0603"
"R59","100k","TopLayer","RES0603","41.4274","3.1750","90","MULTICOMP - MCMR06X104 JTL - RES, CERAMIC, 100K, 5%, 0.1W, 0603"
"R60","0R","TopLayer","RES0603","36.5506","1.7272","90","BOURNS - CR0603-J/-000ELF - RES, THICK FILM, 0R, 5%, 0.1W, 0603"
"R61","100k","TopLayer","RES0603","34.6202","1.7018","90","MULTICOMP - MCMR06X104 JTL - RES, CERAMIC, 100K, 5%, 0.1W, 0603"
"U2","TS5A3159","TopLayer","SOT95P280X145-6N","58.1152","45.0088","90",""
"U3","ADS1298IPAG","TopLayer","TSQFP50P1200X1200X120-64N","52.2224","24.8158","180","TEXAS INSTRUMENTS   ADS1298IPAG.   ANALOG FRONT END, 24 BIT, 100KHZ, TQFP-64"
"U4","TS5A3159","TopLayer","SOT95P280X145-6N","54.1274","44.9834","90",""
"U5","OPA379","TopLayer","SOT95P280X145-5N","65.7098","9.5758","270","IC OPAMP GP 90KHZ RRO SOT23-5"
"U6","LM3671","TopLayer","SOT95P280X145-5N","13.0810","6.8072","360","IC REG BCK ADJ 0.6A SYNC SOT23-5"
"U7","LM3671","TopLayer","SOT95P280X145-5N","13.1064","16.2306","0","IC REG BCK ADJ 0.6A SYNC SOT23-5"
"U8","LM3671","TopLayer","SOT95P280X145-5N","40.0558","6.8072","0","IC REG BCK ADJ 0.6A SYNC SOT23-5"
"X1","32.768KHZ","TopLayer","CRY2X1.2","16.9534","40.6400","360","32.768KHz 4pF Max. ESR 81 Kohms"
"Y1","10MHz","TopLayer","CRYSTAL6mmx3.5mm","14.8336","35.5002","90","Crystal 10MHz 18pF 2-Pin SMD T/R"
"U1","STM32F411RCT6","TopLayer","TSQFP50P1200X1200X160-64N","25.0952","34.0106","0","STMICROELECTRONICS         STM32F411RCT6             32 Bit Microcontroller, Batch Acquisition Mode, ARM Cortex-M4, 100 MHz, 256 KB, 128 KB, 64 Pins"
"R62","10k","TopLayer","RES0603","18.8722","49.8602","180","MULTICOMP - MCMR06X103 JTL - RES, CERAMIC, 10K, 5%, 0.1W, 0603"
"SW1","PTS645VH58-2LFS","TopLayer","SW_TH_ANGLE_2","11.9328","48.6160","180","SWITCH TACTILE SPST-NO 0.05A 12V"
